Users,Cardinality,Throughput
1,1,2274.8625
1,10,2110.58
1,100,1417.5391666666667
1,1000,324.8991666666667
1,3000,101.49333333333334
