Users,Cardinality,Throughput
1,1,1870.9066666666668
1,50,1956.185
1,500,1141.5716666666667
1,1500,506.5483333333333
1,3000,320.62166666666667
