Users,Cardinality,Throughput
50,1,2033.7166666666667
50,50,2138.306666666667
50,500,3175.7233333333334
50,1500,1230.06
50,3000,772.1583333333333
