Users,Cardinality,Throughput
25,1,2764.8633333333337
25,50,3091.96
25,500,3248.366666666667
25,1500,1245.2649999999999
25,3000,774.0350000000001
