Users,Cardinality,Throughput
50,1,1493.3991666666666
50,10,1638.9016666666666
50,100,2738.73
50,1000,770.5766666666666
50,3000,256.9841666666667
