Users,Cardinality,Throughput
25,1,4562.05
25,10,5023.756666666666
25,100,3935.0074999999997
25,1000,735.1225
25,3000,257.49666666666667
