Users,Cardinality,MeanLatencyMs
50,1,19.962263166334623
50,10,19.42104927400669
50,100,16.188824288090153
50,1000,64.61521100689001
50,3000,193.93079849705913
