Users,Cardinality,MeanLatencyMs
25,1,7.2714107337764595
25,50,6.793120200129217
25,500,7.68083002527082
25,1500,20.059865677964954
25,3000,32.276447148288554
