Users,Cardinality,MeanLatencyMs
25,1,4.8202217269641245
25,10,4.628339831889157
25,100,6.319361018140823
25,1000,33.76911562334561
25,3000,96.37202905528346
