Users,Cardinality,MeanLatencyMs
1,1,0.43248119207771263
1,10,0.4601630941199589
1,100,0.676789000647372
1,1000,2.866306501764611
1,3000,9.216561131686058
