Users,Cardinality,MeanLatencyMs
1,1,0.5281272296578559
1,50,0.5172738279655842
1,500,0.8619639793246308
1,1500,1.9638110150404242
1,3000,3.105229434123435
