Users,Cardinality,MeanLatencyMs
50,1,18.22608034606161
50,50,18.213261662085966
50,500,15.725664966954177
50,1500,40.63157634105089
50,3000,64.73552038783089
